INSERT INTO tbl_positions (id, name) VALUES (1, 'senator');
INSERT INTO tbl_positions (id, name) VALUES (2, 'party list');
INSERT INTO tbl_positions (id, name) VALUES (3, 'governor');
INSERT INTO tbl_candidates (
                id, position_id, ballot_no, name, party, party_code, province_code,
                district, municipality_code, picture, votes, total_votes, vote_percentage
            ) VALUES (
                139, 1, 63,
                'TULFO, ERWIN', 'LAKAS', 'LAKAS', NULL,
                NULL, NULL, 'S_63. TULFO, ERWIN (LAKAS).jpg',
                0, 0, 0.00
            );
INSERT INTO tbl_candidates (
                id, position_id, ballot_no, name, party, party_code, province_code,
                district, municipality_code, picture, votes, total_votes, vote_percentage
            ) VALUES (
                81, 1, 5,
                'AQUINO, BAM', 'KNP', 'KNP', NULL,
                NULL, NULL, 'S_5. AQUINO, BAM (KNP).jpg',
                0, 0, 0.00
            );
INSERT INTO tbl_candidates (
                id, position_id, ballot_no, name, party, party_code, province_code,
                district, municipality_code, picture, votes, total_votes, vote_percentage
            ) VALUES (
                127, 1, 51,
                'PANGILINAN, KIKO', 'LP', 'LP', NULL,
                NULL, NULL, 'S_51. PANGILINAN, KIKO (LP).jpg',
                0, 0, 0.00
            );
INSERT INTO tbl_candidates (
                id, position_id, ballot_no, name, party, party_code, province_code,
                district, municipality_code, picture, votes, total_votes, vote_percentage
            ) VALUES (
                94, 1, 18,
                'CAYETANO, PIA', 'NP', 'NP', NULL,
                NULL, NULL, 'S_18. CAYETANO, PIA (NP).jpg',
                0, 0, 0.00
            );
INSERT INTO tbl_candidates (
                id, position_id, ballot_no, name, party, party_code, province_code,
                district, municipality_code, picture, votes, total_votes, vote_percentage
            ) VALUES (
                111, 1, 35,
                'LAPID, LITO', 'NPC', 'NPC', NULL,
                NULL, NULL, 'S_35. LAPID, LITO (NPC).jpg',
                0, 0, 0.00
            );
INSERT INTO tbl_candidates (
                id, position_id, ballot_no, name, party, party_code, province_code,
                district, municipality_code, picture, votes, total_votes, vote_percentage
            ) VALUES (
                109, 1, 33,
                'LACSON, PING', 'IND', 'IND', NULL,
                NULL, NULL, 'S_33. LACSON, PING (IND).jpg',
                0, 0, 0.00
            );
INSERT INTO tbl_candidates (
                id, position_id, ballot_no, name, party, party_code, province_code,
                district, municipality_code, picture, votes, total_votes, vote_percentage
            ) VALUES (
                85, 1, 9,
                'BINAY, ABBY', 'NPC', 'NPC', NULL,
                NULL, NULL, 'S_9. BINAY, ABBY (NPC).jpg',
                0, 0, 0.00
            );
INSERT INTO tbl_candidates (
                id, position_id, ballot_no, name, party, party_code, province_code,
                district, municipality_code, picture, votes, total_votes, vote_percentage
            ) VALUES (
                135, 1, 59,
                'SOTTO, TITO', 'NPC', 'NPC', NULL,
                NULL, NULL, 'S_59. SOTTO, TITO (NPC).jpg',
                0, 0, 0.00
            );
INSERT INTO tbl_candidates (
                id, position_id, ballot_no, name, party, party_code, province_code,
                district, municipality_code, picture, votes, total_votes, vote_percentage
            ) VALUES (
                138, 1, 62,
                'TULFO, BEN BITAG', 'IND', 'IND', NULL,
                NULL, NULL, 'S_62. TULFO, BEN BITAG (IND).jpg',
                0, 0, 0.00
            );
INSERT INTO tbl_candidates (
                id, position_id, ballot_no, name, party, party_code, province_code,
                district, municipality_code, picture, votes, total_votes, vote_percentage
            ) VALUES (
                142, 1, 66,
                'VILLAR, CAMILLE', 'NP', 'NP', NULL,
                NULL, NULL, 'S_66. VILLAR, CAMILLE (NP).jpg',
                0, 0, 0.00
            );
INSERT INTO tbl_candidates (
                id, position_id, ballot_no, name, party, party_code, province_code,
                district, municipality_code, picture, votes, total_votes, vote_percentage
            ) VALUES (
                126, 1, 50,
                'PACQUIAO, MANNY PACMAN', 'PFP', 'PFP', NULL,
                NULL, NULL, 'S_50. PACQUIAO, MANNY PACMAN (PFP).jpg',
                0, 0, 0.00
            );
INSERT INTO tbl_candidates (
                id, position_id, ballot_no, name, party, party_code, province_code,
                district, municipality_code, picture, votes, total_votes, vote_percentage
            ) VALUES (
                87, 1, 11,
                'BONG REVILLA,RAMON, JR.', 'LAKAS', 'LAKAS', NULL,
                NULL, NULL, 'S_11. BONG REVILLA,RAMON, JR. (LAKAS).jpg',
                0, 0, 0.00
            );
INSERT INTO tbl_candidates (
                id, position_id, ballot_no, name, party, party_code, province_code,
                district, municipality_code, picture, votes, total_votes, vote_percentage
            ) VALUES (
                104, 1, 28,
                'GO, BONG GO', 'PDPLBN', 'PDPLBN', NULL,
                NULL, NULL, 'S_28. GO, BONG GO (PDPLBN).jpg',
                0, 0, 0.00
            );
INSERT INTO tbl_candidates (
                id, position_id, ballot_no, name, party, party_code, province_code,
                district, municipality_code, picture, votes, total_votes, vote_percentage
            ) VALUES (
                115, 1, 39,
                'MARCOS, IMEE R.', 'NP', 'NP', NULL,
                NULL, NULL, 'S_39. MARCOS, IMEE R. (NP).jpg',
                0, 0, 0.00
            );
INSERT INTO tbl_candidates (
                id, position_id, ballot_no, name, party, party_code, province_code,
                district, municipality_code, picture, votes, total_votes, vote_percentage
            ) VALUES (
                77, 1, 1,
                'ABALOS, BENHUR', 'PFP', 'PFP', NULL,
                NULL, NULL, 'S_1. ABALOS, BENHUR (PFP).jpg',
                0, 0, 0.00
            );
INSERT INTO tbl_candidates (
                id, position_id, ballot_no, name, party, party_code, province_code,
                district, municipality_code, picture, votes, total_votes, vote_percentage
            ) VALUES (
                137, 1, 61,
                'TOLENTINO, FRANCIS TOL', 'PFP', 'PFP', NULL,
                NULL, NULL, 'S_61. TOLENTINO, FRANCIS TOL (PFP).jpg',
                0, 0, 0.00
            );
INSERT INTO tbl_candidates (
                id, position_id, ballot_no, name, party, party_code, province_code,
                district, municipality_code, picture, votes, total_votes, vote_percentage
            ) VALUES (
                98, 1, 22,
                'DELA ROSA, BATO', 'PDPLBN', 'PDPLBN', NULL,
                NULL, NULL, 'S_22. DELA ROSA, BATO (PDPLBN).jpg',
                0, 0, 0.00
            );
INSERT INTO tbl_candidates (
                id, position_id, ballot_no, name, party, party_code, province_code,
                district, municipality_code, picture, votes, total_votes, vote_percentage
            ) VALUES (
                107, 1, 31,
                'HONASAN, GRINGO', 'RP', 'RP', NULL,
                NULL, NULL, 'S_31. HONASAN, GRINGO (RP).jpg',
                0, 0, 0.00
            );
INSERT INTO tbl_candidates (
                id, position_id, ballot_no, name, party, party_code, province_code,
                district, municipality_code, picture, votes, total_votes, vote_percentage
            ) VALUES (
                101, 1, 25,
                'ESPIRITU, LUKE', 'PLM', 'PLM', NULL,
                NULL, NULL, 'S_25. ESPIRITU, LUKE (PLM).jpg',
                0, 0, 0.00
            );
INSERT INTO tbl_candidates (
                id, position_id, ballot_no, name, party, party_code, province_code,
                district, municipality_code, picture, votes, total_votes, vote_percentage
            ) VALUES (
                121, 1, 45,
                'MENDOZA, HEIDI', 'IND', 'IND', NULL,
                NULL, NULL, 'S_45. MENDOZA, HEIDI (IND).jpg',
                0, 0, 0.00
            );
INSERT INTO tbl_candidates (
                id, position_id, ballot_no, name, party, party_code, province_code,
                district, municipality_code, picture, votes, total_votes, vote_percentage
            ) VALUES (
                97, 1, 21,
                'DE GUZMAN, KA LEODY', 'PLM', 'PLM', NULL,
                NULL, NULL, 'S_21. DE GUZMAN, KA LEODY (PLM).jpg',
                0, 0, 0.00
            );
INSERT INTO tbl_candidates (
                id, position_id, ballot_no, name, party, party_code, province_code,
                district, municipality_code, picture, votes, total_votes, vote_percentage
            ) VALUES (
                134, 1, 58,
                'SALVADOR, PHILLIP IPE', 'PDPLBN', 'PDPLBN', NULL,
                NULL, NULL, 'S_58. SALVADOR, PHILLIP IPE (PDPLBN).jpg',
                0, 0, 0.00
            );
INSERT INTO tbl_candidates (
                id, position_id, ballot_no, name, party, party_code, province_code,
                district, municipality_code, picture, votes, total_votes, vote_percentage
            ) VALUES (
                131, 1, 55,
                'REVILLAME, WILLIE WIL', 'IND', 'IND', NULL,
                NULL, NULL, 'S_55. REVILLAME, WILLIE WIL (IND).jpg',
                0, 0, 0.00
            );
INSERT INTO tbl_candidates (
                id, position_id, ballot_no, name, party, party_code, province_code,
                district, municipality_code, picture, votes, total_votes, vote_percentage
            ) VALUES (
                125, 1, 49,
                'ONG, DOC WILLIE', 'AKSYON', 'AKSYON', NULL,
                NULL, NULL, 'S_49. ONG, DOC WILLIE (AKSYON).jpg',
                0, 0, 0.00
            );
INSERT INTO tbl_candidates (
                id, position_id, ballot_no, name, party, party_code, province_code,
                district, municipality_code, picture, votes, total_votes, vote_percentage
            ) VALUES (
                93, 1, 17,
                'CASTRO, TEACHER FRANCE', 'MKBYN', 'MKBYN', NULL,
                NULL, NULL, 'S_17. CASTRO, TEACHER FRANCE (MKBYN).jpg',
                0, 0, 0.00
            );
INSERT INTO tbl_candidates (
                id, position_id, ballot_no, name, party, party_code, province_code,
                district, municipality_code, picture, votes, total_votes, vote_percentage
            ) VALUES (
                92, 1, 16,
                'CASIÑO, TEDDY', 'MKBYN', 'MKBYN', NULL,
                NULL, NULL, 'S_16. CASIÑO, TEDDY (MKBYN).jpg',
                0, 0, 0.00
            );
INSERT INTO tbl_candidates (
                id, position_id, ballot_no, name, party, party_code, province_code,
                district, municipality_code, picture, votes, total_votes, vote_percentage
            ) VALUES (
                114, 1, 38,
                'MARCOLETA, RODANTE', 'IND', 'IND', NULL,
                NULL, NULL, 'S_38. MARCOLETA, RODANTE (IND).jpg',
                0, 0, 0.00
            );
INSERT INTO tbl_candidates (
                id, position_id, ballot_no, name, party, party_code, province_code,
                district, municipality_code, picture, votes, total_votes, vote_percentage
            ) VALUES (
                88, 1, 12,
                'BOSITA, COLONEL', 'IND', 'IND', NULL,
                NULL, NULL, 'S_12. BOSITA, COLONEL (IND).jpg',
                0, 0, 0.00
            );
INSERT INTO tbl_candidates (
                id, position_id, ballot_no, name, party, party_code, province_code,
                district, municipality_code, picture, votes, total_votes, vote_percentage
            ) VALUES (
                86, 1, 10,
                'BONDOC, JIMMY', 'PDPLBN', 'PDPLBN', NULL,
                NULL, NULL, 'S_10. BONDOC, JIMMY (PDPLBN).jpg',
                0, 0, 0.00
            );
INSERT INTO tbl_candidates (
                id, position_id, ballot_no, name, party, party_code, province_code,
                district, municipality_code, picture, votes, total_votes, vote_percentage
            ) VALUES (
                119, 1, 43,
                'MATULA, ATTY. SONNY', 'WPP', 'WPP', NULL,
                NULL, NULL, 'S_43. MATULA, ATTY. SONNY (WPP).jpg',
                0, 0, 0.00
            );
INSERT INTO tbl_candidates (
                id, position_id, ballot_no, name, party, party_code, province_code,
                district, municipality_code, picture, votes, total_votes, vote_percentage
            ) VALUES (
                132, 1, 56,
                'RODRIGUEZ, ATTY. VIC', 'IND', 'IND', NULL,
                NULL, NULL, 'S_56. RODRIGUEZ, ATTY. VIC (IND).jpg',
                0, 0, 0.00
            );
INSERT INTO tbl_candidates (
                id, position_id, ballot_no, name, party, party_code, province_code,
                district, municipality_code, picture, votes, total_votes, vote_percentage
            ) VALUES (
                89, 1, 13,
                'BROSAS, ARLENE', 'MKBYN', 'MKBYN', NULL,
                NULL, NULL, 'S_13. BROSAS, ARLENE (MKBYN).jpg',
                0, 0, 0.00
            );
INSERT INTO tbl_candidates (
                id, position_id, ballot_no, name, party, party_code, province_code,
                district, municipality_code, picture, votes, total_votes, vote_percentage
            ) VALUES (
                141, 1, 65,
                'VERCELES, LEANDRO', 'IND', 'IND', NULL,
                NULL, NULL, 'S_65. VERCELES, LEANDRO (IND).jpg',
                0, 0, 0.00
            );
INSERT INTO tbl_candidates (
                id, position_id, ballot_no, name, party, party_code, province_code,
                district, municipality_code, picture, votes, total_votes, vote_percentage
            ) VALUES (
                128, 1, 52,
                'QUERUBIN, ARIEL PORFIRIO', 'NP', 'NP', NULL,
                NULL, NULL, 'S_52. QUERUBIN, ARIEL PORFIRIO (NP).jpg',
                0, 0, 0.00
            );
INSERT INTO tbl_candidates (
                id, position_id, ballot_no, name, party, party_code, province_code,
                district, municipality_code, picture, votes, total_votes, vote_percentage
            ) VALUES (
                84, 1, 8,
                'BALLON, ROBERTO', 'IND', 'IND', NULL,
                NULL, NULL, 'S_8. BALLON, ROBERTO (IND).jpg',
                0, 0, 0.00
            );
INSERT INTO tbl_candidates (
                id, position_id, ballot_no, name, party, party_code, province_code,
                district, municipality_code, picture, votes, total_votes, vote_percentage
            ) VALUES (
                110, 1, 34,
                'LAMBINO, RAUL', 'PDPLBN', 'PDPLBN', NULL,
                NULL, NULL, 'S_34. LAMBINO, RAUL (PDPLBN).jpg',
                0, 0, 0.00
            );
INSERT INTO tbl_candidates (
                id, position_id, ballot_no, name, party, party_code, province_code,
                district, municipality_code, picture, votes, total_votes, vote_percentage
            ) VALUES (
                118, 1, 42,
                'MATA, DOC MARITES', 'IND', 'IND', NULL,
                NULL, NULL, 'S_42. MATA, DOC MARITES (IND).jpg',
                0, 0, 0.00
            );
INSERT INTO tbl_candidates (
                id, position_id, ballot_no, name, party, party_code, province_code,
                district, municipality_code, picture, votes, total_votes, vote_percentage
            ) VALUES (
                130, 1, 54,
                'RAMOS, DANILO', 'MKBYN', 'MKBYN', NULL,
                NULL, NULL, 'S_54. RAMOS, DANILO (MKBYN).jpg',
                0, 0, 0.00
            );
INSERT INTO tbl_candidates (
                id, position_id, ballot_no, name, party, party_code, province_code,
                district, municipality_code, picture, votes, total_votes, vote_percentage
            ) VALUES (
                105, 1, 29,
                'GONZALES, NORBERTO', 'PDSP', 'PDSP', NULL,
                NULL, NULL, 'S_29. GONZALES, NORBERTO (PDSP).jpg',
                0, 0, 0.00
            );
INSERT INTO tbl_candidates (
                id, position_id, ballot_no, name, party, party_code, province_code,
                district, municipality_code, picture, votes, total_votes, vote_percentage
            ) VALUES (
                102, 1, 26,
                'FLORANDA, MODY PISTON', 'MKBYN', 'MKBYN', NULL,
                NULL, NULL, 'S_26. FLORANDA, MODY PISTON (MKBYN).jpg',
                0, 0, 0.00
            );
INSERT INTO tbl_candidates (
                id, position_id, ballot_no, name, party, party_code, province_code,
                district, municipality_code, picture, votes, total_votes, vote_percentage
            ) VALUES (
                82, 1, 6,
                'ARAMBULO, RONNEL', 'MKBYN', 'MKBYN', NULL,
                NULL, NULL, 'S_6. ARAMBULO, RONNEL (MKBYN).jpg',
                0, 0, 0.00
            );
INSERT INTO tbl_candidates (
                id, position_id, ballot_no, name, party, party_code, province_code,
                district, municipality_code, picture, votes, total_votes, vote_percentage
            ) VALUES (
                120, 1, 44,
                'MAZA, LIZA', 'MKBYN', 'MKBYN', NULL,
                NULL, NULL, 'S_44. MAZA, LIZA (MKBYN).jpg',
                0, 0, 0.00
            );
INSERT INTO tbl_candidates (
                id, position_id, ballot_no, name, party, party_code, province_code,
                district, municipality_code, picture, votes, total_votes, vote_percentage
            ) VALUES (
                106, 1, 30,
                'HINLO, JAYVEE', 'PDPLBN', 'PDPLBN', NULL,
                NULL, NULL, 'S_30. HINLO, JAYVEE (PDPLBN).jpg',
                0, 0, 0.00
            );
INSERT INTO tbl_candidates (
                id, position_id, ballot_no, name, party, party_code, province_code,
                district, municipality_code, picture, votes, total_votes, vote_percentage
            ) VALUES (
                83, 1, 7,
                'ARELLANO, ERNESTO', 'KTPNAN', 'KTPNAN', NULL,
                NULL, NULL, 'S_7. ARELLANO, ERNESTO (KTPNAN).jpg',
                0, 0, 0.00
            );
INSERT INTO tbl_candidates (
                id, position_id, ballot_no, name, party, party_code, province_code,
                district, municipality_code, picture, votes, total_votes, vote_percentage
            ) VALUES (
                116, 1, 40,
                'MARQUEZ, NORMAN', 'IND', 'IND', NULL,
                NULL, NULL, 'S_40. MARQUEZ, NORMAN (IND).jpg',
                0, 0, 0.00
            );
INSERT INTO tbl_candidates (
                id, position_id, ballot_no, name, party, party_code, province_code,
                district, municipality_code, picture, votes, total_votes, vote_percentage
            ) VALUES (
                112, 1, 36,
                'LEE, MANOY WILBERT', 'AKSYON', 'AKSYON', NULL,
                NULL, NULL, 'S_36. LEE, MANOY WILBERT (AKSYON).jpg',
                0, 0, 0.00
            );
INSERT INTO tbl_candidates (
                id, position_id, ballot_no, name, party, party_code, province_code,
                district, municipality_code, picture, votes, total_votes, vote_percentage
            ) VALUES (
                129, 1, 53,
                'QUIBOLOY, APOLLO', 'IND', 'IND', NULL,
                NULL, NULL, 'S_53. QUIBOLOY, APOLLO (IND).jpg',
                0, 0, 0.00
            );
INSERT INTO tbl_candidates (
                id, position_id, ballot_no, name, party, party_code, province_code,
                district, municipality_code, picture, votes, total_votes, vote_percentage
            ) VALUES (
                95, 1, 19,
                'D''ANGELO, DAVID', 'BUNYOG', 'BUNYOG', NULL,
                NULL, NULL, 'S_19. D''ANGELO, DAVID (BUNYOG).jpg',
                0, 0, 0.00
            );
INSERT INTO tbl_candidates (
                id, position_id, ballot_no, name, party, party_code, province_code,
                district, municipality_code, picture, votes, total_votes, vote_percentage
            ) VALUES (
                136, 1, 60,
                'TAPADO, MICHAEL BONGBONG', 'PM', 'PM', NULL,
                NULL, NULL, 'S_60. TAPADO, MICHAEL BONGBONG (PM).jpg',
                0, 0, 0.00
            );
INSERT INTO tbl_candidates (
                id, position_id, ballot_no, name, party, party_code, province_code,
                district, municipality_code, picture, votes, total_votes, vote_percentage
            ) VALUES (
                78, 1, 2,
                'ADONIS, JEROME', 'MKBYN', 'MKBYN', NULL,
                NULL, NULL, 'S_2. ADONIS, JEROME (MKBYN).jpg',
                0, 0, 0.00
            );
INSERT INTO tbl_candidates (
                id, position_id, ballot_no, name, party, party_code, province_code,
                district, municipality_code, picture, votes, total_votes, vote_percentage
            ) VALUES (
                100, 1, 24,
                'ESCOBAL, ARNEL', 'PM', 'PM', NULL,
                NULL, NULL, 'S_24. ESCOBAL, ARNEL (PM).jpg',
                0, 0, 0.00
            );
INSERT INTO tbl_candidates (
                id, position_id, ballot_no, name, party, party_code, province_code,
                district, municipality_code, picture, votes, total_votes, vote_percentage
            ) VALUES (
                113, 1, 37,
                'LIDASAN, AMIRAH', 'MKBYN', 'MKBYN', NULL,
                NULL, NULL, 'S_37. LIDASAN, AMIRAH (MKBYN).jpg',
                0, 0, 0.00
            );
INSERT INTO tbl_candidates (
                id, position_id, ballot_no, name, party, party_code, province_code,
                district, municipality_code, picture, votes, total_votes, vote_percentage
            ) VALUES (
                117, 1, 41,
                'MARTINEZ, ERIC', 'IND', 'IND', NULL,
                NULL, NULL, 'S_41. MARTINEZ, ERIC (IND).jpg',
                0, 0, 0.00
            );
INSERT INTO tbl_candidates (
                id, position_id, ballot_no, name, party, party_code, province_code,
                district, municipality_code, picture, votes, total_votes, vote_percentage
            ) VALUES (
                122, 1, 46,
                'MONTEMAYOR, JOEY', 'IND', 'IND', NULL,
                NULL, NULL, 'S_46. MONTEMAYOR, JOEY (IND).jpg',
                0, 0, 0.00
            );
INSERT INTO tbl_candidates (
                id, position_id, ballot_no, name, party, party_code, province_code,
                district, municipality_code, picture, votes, total_votes, vote_percentage
            ) VALUES (
                79, 1, 3,
                'AMAD, WILSON', 'IND', 'IND', NULL,
                NULL, NULL, 'S_3. AMAD, WILSON (IND).jpg',
                0, 0, 0.00
            );
INSERT INTO tbl_candidates (
                id, position_id, ballot_no, name, party, party_code, province_code,
                district, municipality_code, picture, votes, total_votes, vote_percentage
            ) VALUES (
                96, 1, 20,
                'DE ALBAN,ATTORNEY ANGELO', 'IND', 'IND', NULL,
                NULL, NULL, 'S_20. DE ALBAN,ATTORNEY ANGELO (IND).jpg',
                0, 0, 0.00
            );
INSERT INTO tbl_candidates (
                id, position_id, ballot_no, name, party, party_code, province_code,
                district, municipality_code, picture, votes, total_votes, vote_percentage
            ) VALUES (
                140, 1, 64,
                'VALBUENA, MAR MANIBELA', 'IND', 'IND', NULL,
                NULL, NULL, 'S_64. VALBUENA, MAR MANIBELA (IND).jpg',
                0, 0, 0.00
            );
INSERT INTO tbl_candidates (
                id, position_id, ballot_no, name, party, party_code, province_code,
                district, municipality_code, picture, votes, total_votes, vote_percentage
            ) VALUES (
                80, 1, 4,
                'ANDAMO, NARS ALYN', 'MKBYN', 'MKBYN', NULL,
                NULL, NULL, 'S_4. ANDAMO, NARS ALYN (MKBYN).jpg',
                0, 0, 0.00
            );
INSERT INTO tbl_candidates (
                id, position_id, ballot_no, name, party, party_code, province_code,
                district, municipality_code, picture, votes, total_votes, vote_percentage
            ) VALUES (
                124, 1, 48,
                'OLIVAR, JOSE JESSIE', 'IND', 'IND', NULL,
                NULL, NULL, 'S_48. OLIVAR, JOSE JESSIE (IND).jpg',
                0, 0, 0.00
            );
INSERT INTO tbl_candidates (
                id, position_id, ballot_no, name, party, party_code, province_code,
                district, municipality_code, picture, votes, total_votes, vote_percentage
            ) VALUES (
                91, 1, 15,
                'CAPUYAN, ALLEN', 'PPP', 'PPP', NULL,
                NULL, NULL, 'S_15. CAPUYAN, ALLEN (PPP).jpg',
                0, 0, 0.00
            );
INSERT INTO tbl_candidates (
                id, position_id, ballot_no, name, party, party_code, province_code,
                district, municipality_code, picture, votes, total_votes, vote_percentage
            ) VALUES (
                103, 1, 27,
                'GAMBOA, MARC LOUIE', 'IND', 'IND', NULL,
                NULL, NULL, 'S_27. GAMBOA, MARC LOUIE (IND).jpg',
                0, 0, 0.00
            );
INSERT INTO tbl_candidates (
                id, position_id, ballot_no, name, party, party_code, province_code,
                district, municipality_code, picture, votes, total_votes, vote_percentage
            ) VALUES (
                133, 1, 57,
                'SAHIDULLA, NUR-ANA', 'IND', 'IND', NULL,
                NULL, NULL, 'S_57. SAHIDULLA, NUR-ANA (IND).jpg',
                0, 0, 0.00
            );
INSERT INTO tbl_candidates (
                id, position_id, ballot_no, name, party, party_code, province_code,
                district, municipality_code, picture, votes, total_votes, vote_percentage
            ) VALUES (
                108, 1, 32,
                'JOSE, RELLY JR.', 'KBL', 'KBL', NULL,
                NULL, NULL, 'S_32. JOSE, RELLY JR. (KBL).jpg',
                0, 0, 0.00
            );
INSERT INTO tbl_candidates (
                id, position_id, ballot_no, name, party, party_code, province_code,
                district, municipality_code, picture, votes, total_votes, vote_percentage
            ) VALUES (
                99, 1, 23,
                'DORINGO, NANAY MIMI', 'MKBYN', 'MKBYN', NULL,
                NULL, NULL, 'S_23. DORINGO, NANAY MIMI (MKBYN).jpg',
                0, 0, 0.00
            );
INSERT INTO tbl_candidates (
                id, position_id, ballot_no, name, party, party_code, province_code,
                district, municipality_code, picture, votes, total_votes, vote_percentage
            ) VALUES (
                123, 1, 47,
                'MUSTAPHA, SUBAIR', 'WPP', 'WPP', NULL,
                NULL, NULL, 'S_47. MUSTAPHA, SUBAIR (WPP).jpg',
                0, 0, 0.00
            );
INSERT INTO tbl_candidates (
                id, position_id, ballot_no, name, party, party_code, province_code,
                district, municipality_code, picture, votes, total_votes, vote_percentage
            ) VALUES (
                90, 1, 14,
                'CABONEGRO, ROY', 'DPP', 'DPP', NULL,
                NULL, NULL, 'S_14. CABONEGRO, ROY (DPP).jpg',
                0, 0, 0.00
            );
INSERT INTO tbl_candidates (
                id, position_id, ballot_no, name, party, party_code, province_code,
                district, municipality_code, picture, votes, total_votes, vote_percentage
            ) VALUES (
                152, 2, 10,
                'BICOL SARO', NULL, NULL, NULL,
                NULL, NULL, 'P_10.jpg',
                0, 0, 0.00
            );
INSERT INTO tbl_candidates (
                id, position_id, ballot_no, name, party, party_code, province_code,
                district, municipality_code, picture, votes, total_votes, vote_percentage
            ) VALUES (
                272, 2, 131,
                'AKO BICOL', NULL, NULL, NULL,
                NULL, NULL, 'P_131.png',
                0, 0, 0.00
            );
INSERT INTO tbl_candidates (
                id, position_id, ballot_no, name, party, party_code, province_code,
                district, municipality_code, picture, votes, total_votes, vote_percentage
            ) VALUES (
                143, 2, 1,
                '4PS', NULL, NULL, NULL,
                NULL, NULL, 'P_1.jpg',
                0, 0, 0.00
            );
INSERT INTO tbl_candidates (
                id, position_id, ballot_no, name, party, party_code, province_code,
                district, municipality_code, picture, votes, total_votes, vote_percentage
            ) VALUES (
                148, 2, 6,
                'ML', NULL, NULL, NULL,
                NULL, NULL, 'P_6.jpg',
                0, 0, 0.00
            );
INSERT INTO tbl_candidates (
                id, position_id, ballot_no, name, party, party_code, province_code,
                district, municipality_code, picture, votes, total_votes, vote_percentage
            ) VALUES (
                165, 2, 23,
                'TGP', NULL, NULL, NULL,
                NULL, NULL, 'P_23.jpg',
                0, 0, 0.00
            );
INSERT INTO tbl_candidates (
                id, position_id, ballot_no, name, party, party_code, province_code,
                district, municipality_code, picture, votes, total_votes, vote_percentage
            ) VALUES (
                179, 2, 37,
                'PAMANA', NULL, NULL, NULL,
                NULL, NULL, 'P_37.jpg',
                0, 0, 0.00
            );
INSERT INTO tbl_candidates (
                id, position_id, ballot_no, name, party, party_code, province_code,
                district, municipality_code, picture, votes, total_votes, vote_percentage
            ) VALUES (
                193, 2, 51,
                'AKBAYAN', NULL, NULL, NULL,
                NULL, NULL, 'P_51.jpg',
                0, 0, 0.00
            );
INSERT INTO tbl_candidates (
                id, position_id, ballot_no, name, party, party_code, province_code,
                district, municipality_code, picture, votes, total_votes, vote_percentage
            ) VALUES (
                163, 2, 21,
                'ACT TEACHERS', NULL, NULL, NULL,
                NULL, NULL, 'P_21.jpg',
                0, 0, 0.00
            );
INSERT INTO tbl_candidates (
                id, position_id, ballot_no, name, party, party_code, province_code,
                district, municipality_code, picture, votes, total_votes, vote_percentage
            ) VALUES (
                201, 2, 60,
                'ANG PROBINSIYANO', NULL, NULL, NULL,
                NULL, NULL, 'P_60.jpg',
                0, 0, 0.00
            );
INSERT INTO tbl_candidates (
                id, position_id, ballot_no, name, party, party_code, province_code,
                district, municipality_code, picture, votes, total_votes, vote_percentage
            ) VALUES (
                147, 2, 5,
                'DUTERTE YOUTH', NULL, NULL, NULL,
                NULL, NULL, 'P_5.jpg',
                0, 0, 0.00
            );
INSERT INTO tbl_candidates (
                id, position_id, ballot_no, name, party, party_code, province_code,
                district, municipality_code, picture, votes, total_votes, vote_percentage
            ) VALUES (
                267, 2, 126,
                'AKO TANOD', NULL, NULL, NULL,
                NULL, NULL, 'P_126.jpg',
                0, 0, 0.00
            );
INSERT INTO tbl_candidates (
                id, position_id, ballot_no, name, party, party_code, province_code,
                district, municipality_code, picture, votes, total_votes, vote_percentage
            ) VALUES (
                169, 2, 27,
                'BHW', NULL, NULL, NULL,
                NULL, NULL, 'P_27.jpg',
                0, 0, 0.00
            );
INSERT INTO tbl_candidates (
                id, position_id, ballot_no, name, party, party_code, province_code,
                district, municipality_code, picture, votes, total_votes, vote_percentage
            ) VALUES (
                150, 2, 8,
                'P3PWD', NULL, NULL, NULL,
                NULL, NULL, 'P_8.jpg',
                0, 0, 0.00
            );
INSERT INTO tbl_candidates (
                id, position_id, ballot_no, name, party, party_code, province_code,
                district, municipality_code, picture, votes, total_votes, vote_percentage
            ) VALUES (
                156, 2, 14,
                'ARTE', NULL, NULL, NULL,
                NULL, NULL, 'P_14.jpg',
                0, 0, 0.00
            );
INSERT INTO tbl_candidates (
                id, position_id, ballot_no, name, party, party_code, province_code,
                district, municipality_code, picture, votes, total_votes, vote_percentage
            ) VALUES (
                172, 2, 30,
                'PBA', NULL, NULL, NULL,
                NULL, NULL, 'P_30.jpg',
                0, 0, 0.00
            );
INSERT INTO tbl_candidates (
                id, position_id, ballot_no, name, party, party_code, province_code,
                district, municipality_code, picture, votes, total_votes, vote_percentage
            ) VALUES (
                206, 2, 65,
                'SAGIP', NULL, NULL, NULL,
                NULL, NULL, 'P_65.jpg',
                0, 0, 0.00
            );
INSERT INTO tbl_candidates (
                id, position_id, ballot_no, name, party, party_code, province_code,
                district, municipality_code, picture, votes, total_votes, vote_percentage
            ) VALUES (
                188, 2, 46,
                'GABRIELA', NULL, NULL, NULL,
                NULL, NULL, 'P_46.jpg',
                0, 0, 0.00
            );
INSERT INTO tbl_candidates (
                id, position_id, ballot_no, name, party, party_code, province_code,
                district, municipality_code, picture, votes, total_votes, vote_percentage
            ) VALUES (
                162, 2, 20,
                'TUCP', NULL, NULL, NULL,
                NULL, NULL, 'P_20.jpg',
                0, 0, 0.00
            );
INSERT INTO tbl_candidates (
                id, position_id, ballot_no, name, party, party_code, province_code,
                district, municipality_code, picture, votes, total_votes, vote_percentage
            ) VALUES (
                180, 2, 38,
                'NANAY', NULL, NULL, NULL,
                NULL, NULL, 'P_38.jpg',
                0, 0, 0.00
            );
INSERT INTO tbl_candidates (
                id, position_id, ballot_no, name, party, party_code, province_code,
                district, municipality_code, picture, votes, total_votes, vote_percentage
            ) VALUES (
                184, 2, 42,
                'MAGDALO', NULL, NULL, NULL,
                NULL, NULL, 'P_42.jpg',
                0, 0, 0.00
            );
INSERT INTO tbl_candidates (
                id, position_id, ballot_no, name, party, party_code, province_code,
                district, municipality_code, picture, votes, total_votes, vote_percentage
            ) VALUES (
                154, 2, 12,
                'PATROL', NULL, NULL, NULL,
                NULL, NULL, 'P_12.jpg',
                0, 0, 0.00
            );
INSERT INTO tbl_candidates (
                id, position_id, ballot_no, name, party, party_code, province_code,
                district, municipality_code, picture, votes, total_votes, vote_percentage
            ) VALUES (
                164, 2, 22,
                '1PACMAN', NULL, NULL, NULL,
                NULL, NULL, 'P_22.jpg',
                0, 0, 0.00
            );
INSERT INTO tbl_candidates (
                id, position_id, ballot_no, name, party, party_code, province_code,
                district, municipality_code, picture, votes, total_votes, vote_percentage
            ) VALUES (
                173, 2, 31,
                'GILAS', NULL, NULL, NULL,
                NULL, NULL, 'P_31.jpg',
                0, 0, 0.00
            );
INSERT INTO tbl_candidates (
                id, position_id, ballot_no, name, party, party_code, province_code,
                district, municipality_code, picture, votes, total_votes, vote_percentage
            ) VALUES (
                200, 2, 59,
                'BAYAN MUNA ', NULL, NULL, NULL,
                NULL, NULL, 'P_59.jpg',
                0, 0, 0.00
            );
INSERT INTO tbl_candidates (
                id, position_id, ballot_no, name, party, party_code, province_code,
                district, municipality_code, picture, votes, total_votes, vote_percentage
            ) VALUES (
                157, 2, 15,
                'WIFI', NULL, NULL, NULL,
                NULL, NULL, 'P_15.jpg',
                0, 0, 0.00
            );
INSERT INTO tbl_candidates (
                id, position_id, ballot_no, name, party, party_code, province_code,
                district, municipality_code, picture, votes, total_votes, vote_percentage
            ) VALUES (
                158, 2, 16,
                'MAAGAP', NULL, NULL, NULL,
                NULL, NULL, 'P_16.png',
                0, 0, 0.00
            );
INSERT INTO tbl_candidates (
                id, position_id, ballot_no, name, party, party_code, province_code,
                district, municipality_code, picture, votes, total_votes, vote_percentage
            ) VALUES (
                182, 2, 40,
                'BABAE AKO', NULL, NULL, NULL,
                NULL, NULL, 'P_40.jpg',
                0, 0, 0.00
            );
INSERT INTO tbl_candidates (
                id, position_id, ballot_no, name, party, party_code, province_code,
                district, municipality_code, picture, votes, total_votes, vote_percentage
            ) VALUES (
                194, 2, 52,
                'AGIMAT', NULL, NULL, NULL,
                NULL, NULL, 'P_52.jpg',
                0, 0, 0.00
            );
INSERT INTO tbl_candidates (
                id, position_id, ballot_no, name, party, party_code, province_code,
                district, municipality_code, picture, votes, total_votes, vote_percentage
            ) VALUES (
                145, 2, 3,
                'FPJ PANDAY BAYANIHAN', NULL, NULL, NULL,
                NULL, NULL, 'P_3.jpg',
                0, 0, 0.00
            );
INSERT INTO tbl_candidates (
                id, position_id, ballot_no, name, party, party_code, province_code,
                district, municipality_code, picture, votes, total_votes, vote_percentage
            ) VALUES (
                192, 2, 50,
                'UGB', NULL, NULL, NULL,
                NULL, NULL, 'P_50.jpg',
                0, 0, 0.00
            );
INSERT INTO tbl_candidates (
                id, position_id, ballot_no, name, party, party_code, province_code,
                district, municipality_code, picture, votes, total_votes, vote_percentage
            ) VALUES (
                146, 2, 4,
                'KABATAAN', NULL, NULL, NULL,
                NULL, NULL, 'P_4.jpg',
                0, 0, 0.00
            );
INSERT INTO tbl_candidates (
                id, position_id, ballot_no, name, party, party_code, province_code,
                district, municipality_code, picture, votes, total_votes, vote_percentage
            ) VALUES (
                251, 2, 110,
                'ABONO', NULL, NULL, NULL,
                NULL, NULL, 'P_110.jpg',
                0, 0, 0.00
            );
INSERT INTO tbl_candidates (
                id, position_id, ballot_no, name, party, party_code, province_code,
                district, municipality_code, picture, votes, total_votes, vote_percentage
            ) VALUES (
                296, 2, 155,
                'MAHARLIKA', NULL, NULL, NULL,
                NULL, NULL, 'P_155.jpg',
                0, 0, 0.00
            );
INSERT INTO tbl_candidates (
                id, position_id, ballot_no, name, party, party_code, province_code,
                district, municipality_code, picture, votes, total_votes, vote_percentage
            ) VALUES (
                168, 2, 26,
                'AKSYON DAPAT', NULL, NULL, NULL,
                NULL, NULL, 'P_26.jpg',
                0, 0, 0.00
            );
INSERT INTO tbl_candidates (
                id, position_id, ballot_no, name, party, party_code, province_code,
                district, municipality_code, picture, votes, total_votes, vote_percentage
            ) VALUES (
                176, 2, 34,
                'CLICK PARTY', NULL, NULL, NULL,
                NULL, NULL, 'P_34.jpg',
                0, 0, 0.00
            );
INSERT INTO tbl_candidates (
                id, position_id, ballot_no, name, party, party_code, province_code,
                district, municipality_code, picture, votes, total_votes, vote_percentage
            ) VALUES (
                291, 2, 150,
                'PAMILYA KO', NULL, NULL, NULL,
                NULL, NULL, 'P_150.jpg',
                0, 0, 0.00
            );
INSERT INTO tbl_candidates (
                id, position_id, ballot_no, name, party, party_code, province_code,
                district, municipality_code, picture, votes, total_votes, vote_percentage
            ) VALUES (
                293, 2, 152,
                'HEAL PH', NULL, NULL, NULL,
                NULL, NULL, 'P_152.jpg',
                0, 0, 0.00
            );
INSERT INTO tbl_candidates (
                id, position_id, ballot_no, name, party, party_code, province_code,
                district, municipality_code, picture, votes, total_votes, vote_percentage
            ) VALUES (
                246, 2, 105,
                'ABAMIN', NULL, NULL, NULL,
                NULL, NULL, 'P_105.jpg',
                0, 0, 0.00
            );
INSERT INTO tbl_candidates (
                id, position_id, ballot_no, name, party, party_code, province_code,
                district, municipality_code, picture, votes, total_votes, vote_percentage
            ) VALUES (
                295, 2, 154,
                'MAGSASAKA', NULL, NULL, NULL,
                NULL, NULL, 'P_154.jpg',
                0, 0, 0.00
            );
INSERT INTO tbl_candidates (
                id, position_id, ballot_no, name, party, party_code, province_code,
                district, municipality_code, picture, votes, total_votes, vote_percentage
            ) VALUES (
                153, 2, 11,
                'IPATUPAD', NULL, NULL, NULL,
                NULL, NULL, 'P_11.jpg',
                0, 0, 0.00
            );
INSERT INTO tbl_candidates (
                id, position_id, ballot_no, name, party, party_code, province_code,
                district, municipality_code, picture, votes, total_votes, vote_percentage
            ) VALUES (
                244, 2, 103,
                'AA-KASOSYO PARTY', NULL, NULL, NULL,
                NULL, NULL, 'P_103.jpg',
                0, 0, 0.00
            );
INSERT INTO tbl_candidates (
                id, position_id, ballot_no, name, party, party_code, province_code,
                district, municipality_code, picture, votes, total_votes, vote_percentage
            ) VALUES (
                292, 2, 151,
                'BBM', NULL, NULL, NULL,
                NULL, NULL, 'P_151.jpg',
                0, 0, 0.00
            );
INSERT INTO tbl_candidates (
                id, position_id, ballot_no, name, party, party_code, province_code,
                district, municipality_code, picture, votes, total_votes, vote_percentage
            ) VALUES (
                208, 2, 67,
                'VENDORS', NULL, NULL, NULL,
                NULL, NULL, 'P_67.jpg',
                0, 0, 0.00
            );
INSERT INTO tbl_candidates (
                id, position_id, ballot_no, name, party, party_code, province_code,
                district, municipality_code, picture, votes, total_votes, vote_percentage
            ) VALUES (
                234, 2, 93,
                'CIBAC', NULL, NULL, NULL,
                NULL, NULL, 'P_93.png',
                0, 0, 0.00
            );
INSERT INTO tbl_candidates (
                id, position_id, ballot_no, name, party, party_code, province_code,
                district, municipality_code, picture, votes, total_votes, vote_percentage
            ) VALUES (
                151, 2, 9,
                'MURANG KURYENTE', NULL, NULL, NULL,
                NULL, NULL, 'P_9.jpg',
                0, 0, 0.00
            );
INSERT INTO tbl_candidates (
                id, position_id, ballot_no, name, party, party_code, province_code,
                district, municipality_code, picture, votes, total_votes, vote_percentage
            ) VALUES (
                229, 2, 88,
                'AGRI', NULL, NULL, NULL,
                NULL, NULL, 'P_88.jpg',
                0, 0, 0.00
            );
INSERT INTO tbl_candidates (
                id, position_id, ballot_no, name, party, party_code, province_code,
                district, municipality_code, picture, votes, total_votes, vote_percentage
            ) VALUES (
                290, 2, 149,
                'LAANG KAWAL', NULL, NULL, NULL,
                NULL, NULL, 'P_149.jpg',
                0, 0, 0.00
            );
INSERT INTO tbl_candidates (
                id, position_id, ballot_no, name, party, party_code, province_code,
                district, municipality_code, picture, votes, total_votes, vote_percentage
            ) VALUES (
                203, 2, 62,
                'SBP', NULL, NULL, NULL,
                NULL, NULL, 'P_62.jpg',
                0, 0, 0.00
            );
INSERT INTO tbl_candidates (
                id, position_id, ballot_no, name, party, party_code, province_code,
                district, municipality_code, picture, votes, total_votes, vote_percentage
            ) VALUES (
                149, 2, 7,
                'PBBM', NULL, NULL, NULL,
                NULL, NULL, 'P_7.jpg',
                0, 0, 0.00
            );
INSERT INTO tbl_candidates (
                id, position_id, ballot_no, name, party, party_code, province_code,
                district, municipality_code, picture, votes, total_votes, vote_percentage
            ) VALUES (
                209, 2, 68,
                'ACT-CIS', NULL, NULL, NULL,
                NULL, NULL, 'P_68.png',
                0, 0, 0.00
            );
INSERT INTO tbl_candidates (
                id, position_id, ballot_no, name, party, party_code, province_code,
                district, municipality_code, picture, votes, total_votes, vote_percentage
            ) VALUES (
                185, 2, 43,
                'APEC', NULL, NULL, NULL,
                NULL, NULL, 'P_43.jpg',
                0, 0, 0.00
            );
INSERT INTO tbl_candidates (
                id, position_id, ballot_no, name, party, party_code, province_code,
                district, municipality_code, picture, votes, total_votes, vote_percentage
            ) VALUES (
                199, 2, 57,
                'TICTOK', NULL, NULL, NULL,
                NULL, NULL, 'P_57.jpg',
                0, 0, 0.00
            );
INSERT INTO tbl_candidates (
                id, position_id, ballot_no, name, party, party_code, province_code,
                district, municipality_code, picture, votes, total_votes, vote_percentage
            ) VALUES (
                205, 2, 64,
                'TULUNGAN TAYO', NULL, NULL, NULL,
                NULL, NULL, 'P_64.png',
                0, 0, 0.00
            );
INSERT INTO tbl_candidates (
                id, position_id, ballot_no, name, party, party_code, province_code,
                district, municipality_code, picture, votes, total_votes, vote_percentage
            ) VALUES (
                231, 2, 90,
                '4K', NULL, NULL, NULL,
                NULL, NULL, 'P_90.jpg',
                0, 0, 0.00
            );
INSERT INTO tbl_candidates (
                id, position_id, ballot_no, name, party, party_code, province_code,
                district, municipality_code, picture, votes, total_votes, vote_percentage
            ) VALUES (
                155, 2, 13,
                'JUAN PINOY', NULL, NULL, NULL,
                NULL, NULL, 'P_13.jpg',
                0, 0, 0.00
            );
INSERT INTO tbl_candidates (
                id, position_id, ballot_no, name, party, party_code, province_code,
                district, municipality_code, picture, votes, total_votes, vote_percentage
            ) VALUES (
                198, 2, 56,
                '1-RIDER PARTY-LIST', NULL, NULL, NULL,
                NULL, NULL, 'P_56.jpg',
                0, 0, 0.00
            );
INSERT INTO tbl_candidates (
                id, position_id, ballot_no, name, party, party_code, province_code,
                district, municipality_code, picture, votes, total_votes, vote_percentage
            ) VALUES (
                212, 2, 71,
                'SOLO PARENTS', NULL, NULL, NULL,
                NULL, NULL, 'P_71.jpg',
                0, 0, 0.00
            );
INSERT INTO tbl_candidates (
                id, position_id, ballot_no, name, party, party_code, province_code,
                district, municipality_code, picture, votes, total_votes, vote_percentage
            ) VALUES (
                256, 2, 115,
                'TUTOK TO WIN', NULL, NULL, NULL,
                NULL, NULL, 'P_115.jpg',
                0, 0, 0.00
            );
INSERT INTO tbl_candidates (
                id, position_id, ballot_no, name, party, party_code, province_code,
                district, municipality_code, picture, votes, total_votes, vote_percentage
            ) VALUES (
                159, 2, 17,
                'UNITED SENIOR CITIZENS', NULL, NULL, NULL,
                NULL, NULL, 'P_17.jpg',
                0, 0, 0.00
            );
INSERT INTO tbl_candidates (
                id, position_id, ballot_no, name, party, party_code, province_code,
                district, municipality_code, picture, votes, total_votes, vote_percentage
            ) VALUES (
                171, 2, 29,
                'BATANG QUIAPO', NULL, NULL, NULL,
                NULL, NULL, 'P_29.jpg',
                0, 0, 0.00
            );
INSERT INTO tbl_candidates (
                id, position_id, ballot_no, name, party, party_code, province_code,
                district, municipality_code, picture, votes, total_votes, vote_percentage
            ) VALUES (
                175, 2, 33,
                'PAMILYANG MAGSASAKA', NULL, NULL, NULL,
                NULL, NULL, 'P_33.jpg',
                0, 0, 0.00
            );
INSERT INTO tbl_candidates (
                id, position_id, ballot_no, name, party, party_code, province_code,
                district, municipality_code, picture, votes, total_votes, vote_percentage
            ) VALUES (
                228, 2, 87,
                'BUNYOG', NULL, NULL, NULL,
                NULL, NULL, 'P_87.jpg',
                0, 0, 0.00
            );
INSERT INTO tbl_candidates (
                id, position_id, ballot_no, name, party, party_code, province_code,
                district, municipality_code, picture, votes, total_votes, vote_percentage
            ) VALUES (
                260, 2, 119,
                'COOP-NATCCO', NULL, NULL, NULL,
                NULL, NULL, 'P_119.jpg',
                0, 0, 0.00
            );
INSERT INTO tbl_candidates (
                id, position_id, ballot_no, name, party, party_code, province_code,
                district, municipality_code, picture, votes, total_votes, vote_percentage
            ) VALUES (
                262, 2, 121,
                '1MUNTI', NULL, NULL, NULL,
                NULL, NULL, 'P_121.jpg',
                0, 0, 0.00
            );
INSERT INTO tbl_candidates (
                id, position_id, ballot_no, name, party, party_code, province_code,
                district, municipality_code, picture, votes, total_votes, vote_percentage
            ) VALUES (
                270, 2, 129,
                'RAM', NULL, NULL, NULL,
                NULL, NULL, 'P_129.jpg',
                0, 0, 0.00
            );
INSERT INTO tbl_candidates (
                id, position_id, ballot_no, name, party, party_code, province_code,
                district, municipality_code, picture, votes, total_votes, vote_percentage
            ) VALUES (
                288, 2, 147,
                'HUGPONG FEDERAL', NULL, NULL, NULL,
                NULL, NULL, 'P_147.jpg',
                0, 0, 0.00
            );
INSERT INTO tbl_candidates (
                id, position_id, ballot_no, name, party, party_code, province_code,
                district, municipality_code, picture, votes, total_votes, vote_percentage
            ) VALUES (
                178, 2, 36,
                'MANILA TEACHERS', NULL, NULL, NULL,
                NULL, NULL, 'P_36.png',
                0, 0, 0.00
            );
INSERT INTO tbl_candidates (
                id, position_id, ballot_no, name, party, party_code, province_code,
                district, municipality_code, picture, votes, total_votes, vote_percentage
            ) VALUES (
                189, 2, 47,
                'TINGOG', NULL, NULL, NULL,
                NULL, NULL, 'P_47.jpg',
                0, 0, 0.00
            );
INSERT INTO tbl_candidates (
                id, position_id, ballot_no, name, party, party_code, province_code,
                district, municipality_code, picture, votes, total_votes, vote_percentage
            ) VALUES (
                196, 2, 54,
                'KAPUSO PM', NULL, NULL, NULL,
                NULL, NULL, 'P_54.jpg',
                0, 0, 0.00
            );
INSERT INTO tbl_candidates (
                id, position_id, ballot_no, name, party, party_code, province_code,
                district, municipality_code, picture, votes, total_votes, vote_percentage
            ) VALUES (
                220, 2, 79,
                'KALINGA', NULL, NULL, NULL,
                NULL, NULL, 'P_79.jpg',
                0, 0, 0.00
            );
INSERT INTO tbl_candidates (
                id, position_id, ballot_no, name, party, party_code, province_code,
                district, municipality_code, picture, votes, total_votes, vote_percentage
            ) VALUES (
                240, 2, 99,
                'PINOY AKO', NULL, NULL, NULL,
                NULL, NULL, 'P_99.jpg',
                0, 0, 0.00
            );
INSERT INTO tbl_candidates (
                id, position_id, ballot_no, name, party, party_code, province_code,
                district, municipality_code, picture, votes, total_votes, vote_percentage
            ) VALUES (
                241, 2, 100,
                'H.E.L.P. PILIPINAS', NULL, NULL, NULL,
                NULL, NULL, 'P_100.jpg',
                0, 0, 0.00
            );
INSERT INTO tbl_candidates (
                id, position_id, ballot_no, name, party, party_code, province_code,
                district, municipality_code, picture, votes, total_votes, vote_percentage
            ) VALUES (
                252, 2, 111,
                'ASAP NA', NULL, NULL, NULL,
                NULL, NULL, 'P_111.jpg',
                0, 0, 0.00
            );
INSERT INTO tbl_candidates (
                id, position_id, ballot_no, name, party, party_code, province_code,
                district, municipality_code, picture, votes, total_votes, vote_percentage
            ) VALUES (
                253, 2, 112,
                'LINGAP', NULL, NULL, NULL,
                NULL, NULL, 'P_112.jpg',
                0, 0, 0.00
            );
INSERT INTO tbl_candidates (
                id, position_id, ballot_no, name, party, party_code, province_code,
                district, municipality_code, picture, votes, total_votes, vote_percentage
            ) VALUES (
                183, 2, 41,
                'ARISE', NULL, NULL, NULL,
                NULL, NULL, 'P_41.jpg',
                0, 0, 0.00
            );
INSERT INTO tbl_candidates (
                id, position_id, ballot_no, name, party, party_code, province_code,
                district, municipality_code, picture, votes, total_votes, vote_percentage
            ) VALUES (
                195, 2, 53,
                'PHILRECA', NULL, NULL, NULL,
                NULL, NULL, 'P_53.jpg',
                0, 0, 0.00
            );
INSERT INTO tbl_candidates (
                id, position_id, ballot_no, name, party, party_code, province_code,
                district, municipality_code, picture, votes, total_votes, vote_percentage
            ) VALUES (
                219, 2, 78,
                'ANGAT', NULL, NULL, NULL,
                NULL, NULL, 'P_78.jpg',
                0, 0, 0.00
            );
INSERT INTO tbl_candidates (
                id, position_id, ballot_no, name, party, party_code, province_code,
                district, municipality_code, picture, votes, total_votes, vote_percentage
            ) VALUES (
                202, 2, 61,
                'BANAT', NULL, NULL, NULL,
                NULL, NULL, 'P_61.jpg',
                0, 0, 0.00
            );
INSERT INTO tbl_candidates (
                id, position_id, ballot_no, name, party, party_code, province_code,
                district, municipality_code, picture, votes, total_votes, vote_percentage
            ) VALUES (
                226, 2, 85,
                'KAMANGGAGAWA', NULL, NULL, NULL,
                NULL, NULL, 'P_85.jpg',
                0, 0, 0.00
            );
INSERT INTO tbl_candidates (
                id, position_id, ballot_no, name, party, party_code, province_code,
                district, municipality_code, picture, votes, total_votes, vote_percentage
            ) VALUES (
                242, 2, 101,
                'HEALTH WORKERS', NULL, NULL, NULL,
                NULL, NULL, 'P_101.png',
                0, 0, 0.00
            );
INSERT INTO tbl_candidates (
                id, position_id, ballot_no, name, party, party_code, province_code,
                district, municipality_code, picture, votes, total_votes, vote_percentage
            ) VALUES (
                271, 2, 130,
                'ALONA', NULL, NULL, NULL,
                NULL, NULL, 'P_130.png',
                0, 0, 0.00
            );
INSERT INTO tbl_candidates (
                id, position_id, ballot_no, name, party, party_code, province_code,
                district, municipality_code, picture, votes, total_votes, vote_percentage
            ) VALUES (
                170, 2, 28,
                'SULONG DIGNIDAD', NULL, NULL, NULL,
                NULL, NULL, 'P_28.jpg',
                0, 0, 0.00
            );
INSERT INTO tbl_candidates (
                id, position_id, ballot_no, name, party, party_code, province_code,
                district, municipality_code, picture, votes, total_votes, vote_percentage
            ) VALUES (
                191, 2, 49,
                'AHON MAHIRAP', NULL, NULL, NULL,
                NULL, NULL, 'P_49.jpg',
                0, 0, 0.00
            );
INSERT INTO tbl_candidates (
                id, position_id, ballot_no, name, party, party_code, province_code,
                district, municipality_code, picture, votes, total_votes, vote_percentage
            ) VALUES (
                235, 2, 94,
                'BH - BAGONG HENERASYON', NULL, NULL, NULL,
                NULL, NULL, 'P_94.png',
                0, 0, 0.00
            );
INSERT INTO tbl_candidates (
                id, position_id, ballot_no, name, party, party_code, province_code,
                district, municipality_code, picture, votes, total_votes, vote_percentage
            ) VALUES (
                281, 2, 140,
                'MALASAKIT@BAYANIHAN', NULL, NULL, NULL,
                NULL, NULL, 'P_140.jpg',
                0, 0, 0.00
            );
INSERT INTO tbl_candidates (
                id, position_id, ballot_no, name, party, party_code, province_code,
                district, municipality_code, picture, votes, total_votes, vote_percentage
            ) VALUES (
                186, 2, 44,
                'MAGBUBUKID', NULL, NULL, NULL,
                NULL, NULL, 'P_44.jpg',
                0, 0, 0.00
            );
INSERT INTO tbl_candidates (
                id, position_id, ballot_no, name, party, party_code, province_code,
                district, municipality_code, picture, votes, total_votes, vote_percentage
            ) VALUES (
                224, 2, 83,
                'OFW', NULL, NULL, NULL,
                NULL, NULL, 'P_83.jpg',
                0, 0, 0.00
            );
INSERT INTO tbl_candidates (
                id, position_id, ballot_no, name, party, party_code, province_code,
                district, municipality_code, picture, votes, total_votes, vote_percentage
            ) VALUES (
                259, 2, 118,
                '1TAHANAN', NULL, NULL, NULL,
                NULL, NULL, 'P_118.jpg',
                0, 0, 0.00
            );
INSERT INTO tbl_candidates (
                id, position_id, ballot_no, name, party, party_code, province_code,
                district, municipality_code, picture, votes, total_votes, vote_percentage
            ) VALUES (
                167, 2, 25,
                'ANAKALUSUGAN', NULL, NULL, NULL,
                NULL, NULL, 'P_25.jpg',
                0, 0, 0.00
            );
INSERT INTO tbl_candidates (
                id, position_id, ballot_no, name, party, party_code, province_code,
                district, municipality_code, picture, votes, total_votes, vote_percentage
            ) VALUES (
                174, 2, 32,
                'AKO ILOCANO AKO', NULL, NULL, NULL,
                NULL, NULL, 'P_32.jpg',
                0, 0, 0.00
            );
INSERT INTO tbl_candidates (
                id, position_id, ballot_no, name, party, party_code, province_code,
                district, municipality_code, picture, votes, total_votes, vote_percentage
            ) VALUES (
                197, 2, 55,
                'ILOCANO DEFENDERS ', NULL, NULL, NULL,
                NULL, NULL, 'P_55.png',
                0, 0, 0.00
            );
INSERT INTO tbl_candidates (
                id, position_id, ballot_no, name, party, party_code, province_code,
                district, municipality_code, picture, votes, total_votes, vote_percentage
            ) VALUES (
                204, 2, 63,
                'BUHAY', NULL, NULL, NULL,
                NULL, NULL, 'P_63.jpg',
                0, 0, 0.00
            );
INSERT INTO tbl_candidates (
                id, position_id, ballot_no, name, party, party_code, province_code,
                district, municipality_code, picture, votes, total_votes, vote_percentage
            ) VALUES (
                210, 2, 69,
                'AKTIBONG KAAGAPAY', NULL, NULL, NULL,
                NULL, NULL, 'P_69.jpg',
                0, 0, 0.00
            );
INSERT INTO tbl_candidates (
                id, position_id, ballot_no, name, party, party_code, province_code,
                district, municipality_code, picture, votes, total_votes, vote_percentage
            ) VALUES (
                237, 2, 96,
                'EDUAKSYON', NULL, NULL, NULL,
                NULL, NULL, 'P_96.jpg',
                0, 0, 0.00
            );
INSERT INTO tbl_candidates (
                id, position_id, ballot_no, name, party, party_code, province_code,
                district, municipality_code, picture, votes, total_votes, vote_percentage
            ) VALUES (
                269, 2, 128,
                'KABABAIHAN', NULL, NULL, NULL,
                NULL, NULL, 'P_128.jpg',
                0, 0, 0.00
            );
INSERT INTO tbl_candidates (
                id, position_id, ballot_no, name, party, party_code, province_code,
                district, municipality_code, picture, votes, total_votes, vote_percentage
            ) VALUES (
                161, 2, 19,
                'AKO PADAYON', NULL, NULL, NULL,
                NULL, NULL, 'P_19.jpg',
                0, 0, 0.00
            );
INSERT INTO tbl_candidates (
                id, position_id, ballot_no, name, party, party_code, province_code,
                district, municipality_code, picture, votes, total_votes, vote_percentage
            ) VALUES (
                166, 2, 24,
                'DUMPER PTDA', NULL, NULL, NULL,
                NULL, NULL, 'P_24.jpg',
                0, 0, 0.00
            );
INSERT INTO tbl_candidates (
                id, position_id, ballot_no, name, party, party_code, province_code,
                district, municipality_code, picture, votes, total_votes, vote_percentage
            ) VALUES (
                181, 2, 39,
                'KM NGAYON NA', NULL, NULL, NULL,
                NULL, NULL, 'P_39.jpg',
                0, 0, 0.00
            );
INSERT INTO tbl_candidates (
                id, position_id, ballot_no, name, party, party_code, province_code,
                district, municipality_code, picture, votes, total_votes, vote_percentage
            ) VALUES (
                187, 2, 45,
                'SSS-GSIS PENSYONADO', NULL, NULL, NULL,
                NULL, NULL, 'P_45.png',
                0, 0, 0.00
            );
INSERT INTO tbl_candidates (
                id, position_id, ballot_no, name, party, party_code, province_code,
                district, municipality_code, picture, votes, total_votes, vote_percentage
            ) VALUES (
                190, 2, 48,
                'APAT-DAPAT', NULL, NULL, NULL,
                NULL, NULL, 'P_48.jpg',
                0, 0, 0.00
            );
INSERT INTO tbl_candidates (
                id, position_id, ballot_no, name, party, party_code, province_code,
                district, municipality_code, picture, votes, total_votes, vote_percentage
            ) VALUES (
                222, 2, 81,
                'ARANGKADA PILIPINO', NULL, NULL, NULL,
                NULL, NULL, 'P_81.jpg',
                0, 0, 0.00
            );
INSERT INTO tbl_candidates (
                id, position_id, ballot_no, name, party, party_code, province_code,
                district, municipality_code, picture, votes, total_votes, vote_percentage
            ) VALUES (
                223, 2, 82,
                'AANGAT TAYO', NULL, NULL, NULL,
                NULL, NULL, 'P_82.jpg',
                0, 0, 0.00
            );
INSERT INTO tbl_candidates (
                id, position_id, ballot_no, name, party, party_code, province_code,
                district, municipality_code, picture, votes, total_votes, vote_percentage
            ) VALUES (
                227, 2, 86,
                'BFF', NULL, NULL, NULL,
                NULL, NULL, 'P_86.jpg',
                0, 0, 0.00
            );
INSERT INTO tbl_candidates (
                id, position_id, ballot_no, name, party, party_code, province_code,
                district, municipality_code, picture, votes, total_votes, vote_percentage
            ) VALUES (
                230, 2, 89,
                'SENIOR CITIZENS', NULL, NULL, NULL,
                NULL, NULL, 'P_89.png',
                0, 0, 0.00
            );
INSERT INTO tbl_candidates (
                id, position_id, ballot_no, name, party, party_code, province_code,
                district, municipality_code, picture, votes, total_votes, vote_percentage
            ) VALUES (
                247, 2, 106,
                'TRABAHO', NULL, NULL, NULL,
                NULL, NULL, 'P_106.jpg',
                0, 0, 0.00
            );
INSERT INTO tbl_candidates (
                id, position_id, ballot_no, name, party, party_code, province_code,
                district, municipality_code, picture, votes, total_votes, vote_percentage
            ) VALUES (
                268, 2, 127,
                'PROBINSYANO AKO', NULL, NULL, NULL,
                NULL, NULL, 'P_127.png',
                0, 0, 0.00
            );
INSERT INTO tbl_candidates (
                id, position_id, ballot_no, name, party, party_code, province_code,
                district, municipality_code, picture, votes, total_votes, vote_percentage
            ) VALUES (
                287, 2, 146,
                'BAGONG PILIPINAS', NULL, NULL, NULL,
                NULL, NULL, 'P_146.jpg',
                0, 0, 0.00
            );
INSERT INTO tbl_candidates (
                id, position_id, ballot_no, name, party, party_code, province_code,
                district, municipality_code, picture, votes, total_votes, vote_percentage
            ) VALUES (
                144, 2, 2,
                'PPP', NULL, NULL, NULL,
                NULL, NULL, 'P_2.jpg',
                0, 0, 0.00
            );
INSERT INTO tbl_candidates (
                id, position_id, ballot_no, name, party, party_code, province_code,
                district, municipality_code, picture, votes, total_votes, vote_percentage
            ) VALUES (
                160, 2, 18,
                'EPANAW SAMBAYANAN', NULL, NULL, NULL,
                NULL, NULL, 'P_18.jpg',
                0, 0, 0.00
            );
INSERT INTO tbl_candidates (
                id, position_id, ballot_no, name, party, party_code, province_code,
                district, municipality_code, picture, votes, total_votes, vote_percentage
            ) VALUES (
                214, 2, 73,
                'PROMDI', NULL, NULL, NULL,
                NULL, NULL, 'P_73.jpg',
                0, 0, 0.00
            );
INSERT INTO tbl_candidates (
                id, position_id, ballot_no, name, party, party_code, province_code,
                district, municipality_code, picture, votes, total_votes, vote_percentage
            ) VALUES (
                216, 2, 75,
                'KUSUG TAUSUG', NULL, NULL, NULL,
                NULL, NULL, 'P_75.jpg',
                0, 0, 0.00
            );
INSERT INTO tbl_candidates (
                id, position_id, ballot_no, name, party, party_code, province_code,
                district, municipality_code, picture, votes, total_votes, vote_percentage
            ) VALUES (
                221, 2, 80,
                'BOSES PARTY-LIST', NULL, NULL, NULL,
                NULL, NULL, 'P_80.jpg',
                0, 0, 0.00
            );
INSERT INTO tbl_candidates (
                id, position_id, ballot_no, name, party, party_code, province_code,
                district, municipality_code, picture, votes, total_votes, vote_percentage
            ) VALUES (
                238, 2, 97,
                'ANG TINIG NG SENIORS ', NULL, NULL, NULL,
                NULL, NULL, 'P_97.jpg',
                0, 0, 0.00
            );
INSERT INTO tbl_candidates (
                id, position_id, ballot_no, name, party, party_code, province_code,
                district, municipality_code, picture, votes, total_votes, vote_percentage
            ) VALUES (
                255, 2, 114,
                'KASAMBAHAY', NULL, NULL, NULL,
                NULL, NULL, 'P_114.jpg',
                0, 0, 0.00
            );
INSERT INTO tbl_candidates (
                id, position_id, ballot_no, name, party, party_code, province_code,
                district, municipality_code, picture, votes, total_votes, vote_percentage
            ) VALUES (
                261, 2, 120,
                'KABAYAN', NULL, NULL, NULL,
                NULL, NULL, 'P_120.jpg',
                0, 0, 0.00
            );
INSERT INTO tbl_candidates (
                id, position_id, ballot_no, name, party, party_code, province_code,
                district, municipality_code, picture, votes, total_votes, vote_percentage
            ) VALUES (
                263, 2, 122,
                'PINOY WORKERS', NULL, NULL, NULL,
                NULL, NULL, 'P_122.jpg',
                0, 0, 0.00
            );
INSERT INTO tbl_candidates (
                id, position_id, ballot_no, name, party, party_code, province_code,
                district, municipality_code, picture, votes, total_votes, vote_percentage
            ) VALUES (
                273, 2, 132,
                'GP (GALING SA PUSO)', NULL, NULL, NULL,
                NULL, NULL, 'P_132.jpg',
                0, 0, 0.00
            );
INSERT INTO tbl_candidates (
                id, position_id, ballot_no, name, party, party_code, province_code,
                district, municipality_code, picture, votes, total_votes, vote_percentage
            ) VALUES (
                279, 2, 138,
                'SWERTE', NULL, NULL, NULL,
                NULL, NULL, 'P_138.jpg',
                0, 0, 0.00
            );
INSERT INTO tbl_candidates (
                id, position_id, ballot_no, name, party, party_code, province_code,
                district, municipality_code, picture, votes, total_votes, vote_percentage
            ) VALUES (
                280, 2, 139,
                'GABAY', NULL, NULL, NULL,
                NULL, NULL, 'P_139.png',
                0, 0, 0.00
            );
INSERT INTO tbl_candidates (
                id, position_id, ballot_no, name, party, party_code, province_code,
                district, municipality_code, picture, votes, total_votes, vote_percentage
            ) VALUES (
                283, 2, 142,
                'LUNAS', NULL, NULL, NULL,
                NULL, NULL, 'P_142.jpg',
                0, 0, 0.00
            );
INSERT INTO tbl_candidates (
                id, position_id, ballot_no, name, party, party_code, province_code,
                district, municipality_code, picture, votes, total_votes, vote_percentage
            ) VALUES (
                289, 2, 148,
                'TUPAD', NULL, NULL, NULL,
                NULL, NULL, 'P_148.jpg',
                0, 0, 0.00
            );
INSERT INTO tbl_candidates (
                id, position_id, ballot_no, name, party, party_code, province_code,
                district, municipality_code, picture, votes, total_votes, vote_percentage
            ) VALUES (
                177, 2, 35,
                'ABANTE BISDAK', NULL, NULL, NULL,
                NULL, NULL, 'P_35.jpg',
                0, 0, 0.00
            );
INSERT INTO tbl_candidates (
                id, position_id, ballot_no, name, party, party_code, province_code,
                district, municipality_code, picture, votes, total_votes, vote_percentage
            ) VALUES (
                207, 2, 66,
                'BTS BAYANING TSUPER', NULL, NULL, NULL,
                NULL, NULL, 'P_66.jpg',
                0, 0, 0.00
            );
INSERT INTO tbl_candidates (
                id, position_id, ballot_no, name, party, party_code, province_code,
                district, municipality_code, picture, votes, total_votes, vote_percentage
            ) VALUES (
                211, 2, 70,
                'ASENSO PINOY', NULL, NULL, NULL,
                NULL, NULL, 'P_70.jpg',
                0, 0, 0.00
            );
INSERT INTO tbl_candidates (
                id, position_id, ballot_no, name, party, party_code, province_code,
                district, municipality_code, picture, votes, total_votes, vote_percentage
            ) VALUES (
                213, 2, 72,
                'ANG KOMADRONA', NULL, NULL, NULL,
                NULL, NULL, 'P_72.jpg',
                0, 0, 0.00
            );
INSERT INTO tbl_candidates (
                id, position_id, ballot_no, name, party, party_code, province_code,
                district, municipality_code, picture, votes, total_votes, vote_percentage
            ) VALUES (
                215, 2, 74,
                'PUSONG PINOY', NULL, NULL, NULL,
                NULL, NULL, 'P_74.jpg',
                0, 0, 0.00
            );
INSERT INTO tbl_candidates (
                id, position_id, ballot_no, name, party, party_code, province_code,
                district, municipality_code, picture, votes, total_votes, vote_percentage
            ) VALUES (
                217, 2, 76,
                'DAMAYANG FILIPINO', NULL, NULL, NULL,
                NULL, NULL, 'P_76.jpg',
                0, 0, 0.00
            );
INSERT INTO tbl_candidates (
                id, position_id, ballot_no, name, party, party_code, province_code,
                district, municipality_code, picture, votes, total_votes, vote_percentage
            ) VALUES (
                232, 2, 91,
                'PBP', NULL, NULL, NULL,
                NULL, NULL, 'P_91.jpg',
                0, 0, 0.00
            );
INSERT INTO tbl_candidates (
                id, position_id, ballot_no, name, party, party_code, province_code,
                district, municipality_code, picture, votes, total_votes, vote_percentage
            ) VALUES (
                233, 2, 92,
                'ONE COOP', NULL, NULL, NULL,
                NULL, NULL, 'P_92.jpg',
                0, 0, 0.00
            );
INSERT INTO tbl_candidates (
                id, position_id, ballot_no, name, party, party_code, province_code,
                district, municipality_code, picture, votes, total_votes, vote_percentage
            ) VALUES (
                236, 2, 95,
                '1AGILA', NULL, NULL, NULL,
                NULL, NULL, 'P_95.jpg',
                0, 0, 0.00
            );
INSERT INTO tbl_candidates (
                id, position_id, ballot_no, name, party, party_code, province_code,
                district, municipality_code, picture, votes, total_votes, vote_percentage
            ) VALUES (
                239, 2, 98,
                'BG PARTY-LIST', NULL, NULL, NULL,
                NULL, NULL, 'P_98.jpg',
                0, 0, 0.00
            );
INSERT INTO tbl_candidates (
                id, position_id, ballot_no, name, party, party_code, province_code,
                district, municipality_code, picture, votes, total_votes, vote_percentage
            ) VALUES (
                243, 2, 102,
                'PEOPLE''S CHAMP', NULL, NULL, NULL,
                NULL, NULL, 'P_102.jpg',
                0, 0, 0.00
            );
INSERT INTO tbl_candidates (
                id, position_id, ballot_no, name, party, party_code, province_code,
                district, municipality_code, picture, votes, total_votes, vote_percentage
            ) VALUES (
                257, 2, 116,
                'AKO OFW', NULL, NULL, NULL,
                NULL, NULL, 'P_116.jpg',
                0, 0, 0.00
            );
INSERT INTO tbl_candidates (
                id, position_id, ballot_no, name, party, party_code, province_code,
                district, municipality_code, picture, votes, total_votes, vote_percentage
            ) VALUES (
                258, 2, 117,
                'AGAP', NULL, NULL, NULL,
                NULL, NULL, 'P_117.jpg',
                0, 0, 0.00
            );
INSERT INTO tbl_candidates (
                id, position_id, ballot_no, name, party, party_code, province_code,
                district, municipality_code, picture, votes, total_votes, vote_percentage
            ) VALUES (
                264, 2, 123,
                'API PARTY', NULL, NULL, NULL,
                NULL, NULL, 'P_123.jpg',
                0, 0, 0.00
            );
INSERT INTO tbl_candidates (
                id, position_id, ballot_no, name, party, party_code, province_code,
                district, municipality_code, picture, votes, total_votes, vote_percentage
            ) VALUES (
                274, 2, 133,
                'KAUNLAD PINOY', NULL, NULL, NULL,
                NULL, NULL, 'P_133.jpg',
                0, 0, 0.00
            );
INSERT INTO tbl_candidates (
                id, position_id, ballot_no, name, party, party_code, province_code,
                district, municipality_code, picture, votes, total_votes, vote_percentage
            ) VALUES (
                218, 2, 77,
                'MPBL', NULL, NULL, NULL,
                NULL, NULL, 'P_77.jpg',
                0, 0, 0.00
            );
INSERT INTO tbl_candidates (
                id, position_id, ballot_no, name, party, party_code, province_code,
                district, municipality_code, picture, votes, total_votes, vote_percentage
            ) VALUES (
                225, 2, 84,
                'BIDA KATAGUMPAY', NULL, NULL, NULL,
                NULL, NULL, 'P_84.jpg',
                0, 0, 0.00
            );
INSERT INTO tbl_candidates (
                id, position_id, ballot_no, name, party, party_code, province_code,
                district, municipality_code, picture, votes, total_votes, vote_percentage
            ) VALUES (
                245, 2, 104,
                'SOLID NORTH PARTY', NULL, NULL, NULL,
                NULL, NULL, 'P_104.jpg',
                0, 0, 0.00
            );
INSERT INTO tbl_candidates (
                id, position_id, ballot_no, name, party, party_code, province_code,
                district, municipality_code, picture, votes, total_votes, vote_percentage
            ) VALUES (
                248, 2, 107,
                'ANGKASANGGA', NULL, NULL, NULL,
                NULL, NULL, 'P_107.jpg',
                0, 0, 0.00
            );
INSERT INTO tbl_candidates (
                id, position_id, ballot_no, name, party, party_code, province_code,
                district, municipality_code, picture, votes, total_votes, vote_percentage
            ) VALUES (
                249, 2, 108,
                'TODA AKSYON', NULL, NULL, NULL,
                NULL, NULL, 'P_108.jpg',
                0, 0, 0.00
            );
INSERT INTO tbl_candidates (
                id, position_id, ballot_no, name, party, party_code, province_code,
                district, municipality_code, picture, votes, total_votes, vote_percentage
            ) VALUES (
                250, 2, 109,
                'TURISMO', NULL, NULL, NULL,
                NULL, NULL, 'P_109.jpg',
                0, 0, 0.00
            );
INSERT INTO tbl_candidates (
                id, position_id, ballot_no, name, party, party_code, province_code,
                district, municipality_code, picture, votes, total_votes, vote_percentage
            ) VALUES (
                254, 2, 113,
                'UNITED FRONTLINERS ', NULL, NULL, NULL,
                NULL, NULL, 'P_113.png',
                0, 0, 0.00
            );
INSERT INTO tbl_candidates (
                id, position_id, ballot_no, name, party, party_code, province_code,
                district, municipality_code, picture, votes, total_votes, vote_percentage
            ) VALUES (
                265, 2, 124,
                'AKO BISAYA', NULL, NULL, NULL,
                NULL, NULL, 'P_124.png',
                0, 0, 0.00
            );
INSERT INTO tbl_candidates (
                id, position_id, ballot_no, name, party, party_code, province_code,
                district, municipality_code, picture, votes, total_votes, vote_percentage
            ) VALUES (
                266, 2, 125,
                'KAMALAYAN', NULL, NULL, NULL,
                NULL, NULL, 'P_125.jpg',
                0, 0, 0.00
            );
INSERT INTO tbl_candidates (
                id, position_id, ballot_no, name, party, party_code, province_code,
                district, municipality_code, picture, votes, total_votes, vote_percentage
            ) VALUES (
                275, 2, 134,
                'ABP', NULL, NULL, NULL,
                NULL, NULL, 'P_134.png',
                0, 0, 0.00
            );
INSERT INTO tbl_candidates (
                id, position_id, ballot_no, name, party, party_code, province_code,
                district, municipality_code, picture, votes, total_votes, vote_percentage
            ) VALUES (
                276, 2, 135,
                'CWS', NULL, NULL, NULL,
                NULL, NULL, 'P_135.png',
                0, 0, 0.00
            );
INSERT INTO tbl_candidates (
                id, position_id, ballot_no, name, party, party_code, province_code,
                district, municipality_code, picture, votes, total_votes, vote_percentage
            ) VALUES (
                277, 2, 136,
                'LPGMA', NULL, NULL, NULL,
                NULL, NULL, 'P_136.jpg',
                0, 0, 0.00
            );
INSERT INTO tbl_candidates (
                id, position_id, ballot_no, name, party, party_code, province_code,
                district, municipality_code, picture, votes, total_votes, vote_percentage
            ) VALUES (
                278, 2, 137,
                'A TEACHER', NULL, NULL, NULL,
                NULL, NULL, 'P_137.jpg',
                0, 0, 0.00
            );
INSERT INTO tbl_candidates (
                id, position_id, ballot_no, name, party, party_code, province_code,
                district, municipality_code, picture, votes, total_votes, vote_percentage
            ) VALUES (
                282, 2, 141,
                'AKAY NI SOL', NULL, NULL, NULL,
                NULL, NULL, 'P_141.png',
                0, 0, 0.00
            );
INSERT INTO tbl_candidates (
                id, position_id, ballot_no, name, party, party_code, province_code,
                district, municipality_code, picture, votes, total_votes, vote_percentage
            ) VALUES (
                284, 2, 143,
                'DIWA', NULL, NULL, NULL,
                NULL, NULL, 'P_143.jpg',
                0, 0, 0.00
            );
INSERT INTO tbl_candidates (
                id, position_id, ballot_no, name, party, party_code, province_code,
                district, municipality_code, picture, votes, total_votes, vote_percentage
            ) VALUES (
                285, 2, 144,
                'PINUNO', NULL, NULL, NULL,
                NULL, NULL, 'P_144.png',
                0, 0, 0.00
            );
INSERT INTO tbl_candidates (
                id, position_id, ballot_no, name, party, party_code, province_code,
                district, municipality_code, picture, votes, total_votes, vote_percentage
            ) VALUES (
                286, 2, 145,
                'PAMILYA MUNA', NULL, NULL, NULL,
                NULL, NULL, 'P_145.png',
                0, 0, 0.00
            );
INSERT INTO tbl_candidates (
                id, position_id, ballot_no, name, party, party_code, province_code,
                district, municipality_code, picture, votes, total_votes, vote_percentage
            ) VALUES (
                294, 2, 153,
                'ABANG LINGKOD', NULL, NULL, NULL,
                NULL, NULL, 'P_153.png',
                0, 0, 0.00
            );
INSERT INTO tbl_candidates (
                id, position_id, ballot_no, name, party, party_code, province_code,
                district, municipality_code, picture, votes, total_votes, vote_percentage
            ) VALUES (
                297, 2, 156,
                'USWAG ILONGGO', NULL, NULL, NULL,
                NULL, NULL, 'P_156.jpg',
                0, 0, 0.00
            );
INSERT INTO tbl_candidates (
                id, position_id, ballot_no, name, party, party_code, province_code,
                district, municipality_code, picture, votes, total_votes, vote_percentage
            ) VALUES (
                1, 3, 1,
                'ROSAL, NOEL', 'PDPLBN', 'PDPLBN', '050500000',
                NULL, NULL, '1. ROSAL, NOEL (PDPLBN).jpg',
                0, 0, 0.00
            );
INSERT INTO tbl_candidates (
                id, position_id, ballot_no, name, party, party_code, province_code,
                district, municipality_code, picture, votes, total_votes, vote_percentage
            ) VALUES (
                2, 3, 2,
                'SALCEDA, JOEY', 'LAKAS', 'LAKAS', '050500000',
                NULL, NULL, '2. SALCEDA, JOEY (LAKAS).jpg',
                0, 0, 0.00
            );
INSERT INTO tbl_candidates (
                id, position_id, ballot_no, name, party, party_code, province_code,
                district, municipality_code, picture, votes, total_votes, vote_percentage
            ) VALUES (
                3, 3, 3,
                'SARA, ROSALER JR.', 'IND', 'IND', '050500000',
                NULL, NULL, '3. SARA, ROSALER JR. (IND).jpg',
                0, 0, 0.00
            );
INSERT INTO tbl_candidates (
                id, position_id, ballot_no, name, party, party_code, province_code,
                district, municipality_code, picture, votes, total_votes, vote_percentage
            ) VALUES (
                15, 3, 2,
                'PADILLA, DONG', 'PFP', 'PFP', '051600000',
                NULL, NULL, '2. PADILLA, DONG (PFP).jpg',
                0, 0, 0.00
            );
INSERT INTO tbl_candidates (
                id, position_id, ballot_no, name, party, party_code, province_code,
                district, municipality_code, picture, votes, total_votes, vote_percentage
            ) VALUES (
                16, 3, 3,
                'TALLADO, EGAY', 'NPC', 'NPC', '051600000',
                NULL, NULL, '3. TALLADO, EGAY (NPC).jpg',
                0, 0, 0.00
            );
INSERT INTO tbl_candidates (
                id, position_id, ballot_no, name, party, party_code, province_code,
                district, municipality_code, picture, votes, total_votes, vote_percentage
            ) VALUES (
                14, 3, 1,
                'BALMEO, ROMEO', 'IND', 'IND', '051600000',
                NULL, NULL, '1. BALMEO, ROMEO (IND).png',
                0, 0, 0.00
            );
INSERT INTO tbl_candidates (
                id, position_id, ballot_no, name, party, party_code, province_code,
                district, municipality_code, picture, votes, total_votes, vote_percentage
            ) VALUES (
                26, 3, 2,
                'VILLAFUERTE, LRAY', 'NUP', 'NUP', '051700000',
                NULL, NULL, 'LRAY_VILLAFUERTE.jpg',
                0, 0, 0.00
            );
INSERT INTO tbl_candidates (
                id, position_id, ballot_no, name, party, party_code, province_code,
                district, municipality_code, picture, votes, total_votes, vote_percentage
            ) VALUES (
                25, 3, 1,
                'RODRIGUEZ, BONG', 'NPC', 'NPC', '051700000',
                NULL, NULL, 'RODRIGUEZ BONG.jpg',
                0, 0, 0.00
            );
INSERT INTO tbl_candidates (
                id, position_id, ballot_no, name, party, party_code, province_code,
                district, municipality_code, picture, votes, total_votes, vote_percentage
            ) VALUES (
                298, 3, 3,
                'UNDECIDED', NULL, NULL, '051700000',
                NULL, NULL, '3. UNDECIDED ().jpg',
                0, 0, 0.00
            );
INSERT INTO tbl_candidates (
                id, position_id, ballot_no, name, party, party_code, province_code,
                district, municipality_code, picture, votes, total_votes, vote_percentage
            ) VALUES (
                45, 3, 2,
                'AZANZA, PATRICK ALAIN', 'IND', 'IND', '052000000',
                NULL, NULL, '2. AZANZA, PATRICK ALAIN (IND).jpg',
                0, 0, 0.00
            );
INSERT INTO tbl_candidates (
                id, position_id, ballot_no, name, party, party_code, province_code,
                district, municipality_code, picture, votes, total_votes, vote_percentage
            ) VALUES (
                46, 3, 3,
                'CUA, BOSSTE', 'LAKAS', 'LAKAS', '052000000',
                NULL, NULL, '3. CUA, BOSSTE (LAKAS).jpg',
                0, 0, 0.00
            );
INSERT INTO tbl_candidates (
                id, position_id, ballot_no, name, party, party_code, province_code,
                district, municipality_code, picture, votes, total_votes, vote_percentage
            ) VALUES (
                47, 3, 4,
                'RODULFO, OLIVER', 'IND', 'IND', '052000000',
                NULL, NULL, '4. RODULFO, OLIVER (IND).jpg',
                0, 0, 0.00
            );
INSERT INTO tbl_candidates (
                id, position_id, ballot_no, name, party, party_code, province_code,
                district, municipality_code, picture, votes, total_votes, vote_percentage
            ) VALUES (
                44, 3, 1,
                'ALBERTO, MACKY', 'IND', 'IND', '052000000',
                NULL, NULL, '1. ALBERTO, MACKY (IND).jpg',
                0, 0, 0.00
            );
INSERT INTO tbl_candidates (
                id, position_id, ballot_no, name, party, party_code, province_code,
                district, municipality_code, picture, votes, total_votes, vote_percentage
            ) VALUES (
                55, 3, 1,
                'KHO, RICHARD', 'LAKAS', 'LAKAS', '054100000',
                NULL, NULL, '1. KHO, RICHARD (LAKAS).jpg',
                0, 0, 0.00
            );
INSERT INTO tbl_candidates (
                id, position_id, ballot_no, name, party, party_code, province_code,
                district, municipality_code, picture, votes, total_votes, vote_percentage
            ) VALUES (
                56, 3, 2,
                'TUASON, SOCRATES', 'LP', 'LP', '054100000',
                NULL, NULL, '2. TUASON, SOCRATES (LP).jpg',
                0, 0, 0.00
            );
INSERT INTO tbl_candidates (
                id, position_id, ballot_no, name, party, party_code, province_code,
                district, municipality_code, picture, votes, total_votes, vote_percentage
            ) VALUES (
                65, 3, 1,
                'HAMOR, BOBOY', 'NPC', 'NPC', '056200000',
                NULL, NULL, '1. HAMOR, BOBOY (NPC).jpg',
                0, 0, 0.00
            );
INSERT INTO tbl_candidates (
                id, position_id, ballot_no, name, party, party_code, province_code,
                district, municipality_code, picture, votes, total_votes, vote_percentage
            ) VALUES (
                66, 3, 2,
                'SO, CATTLEYA', 'PFP', 'PFP', '056200000',
                NULL, NULL, '2. SO, CATTLEYA (PFP).jpg',
                0, 0, 0.00
            );
INSERT INTO tbl_candidates (
                id, position_id, ballot_no, name, party, party_code, province_code,
                district, municipality_code, picture, votes, total_votes, vote_percentage
            ) VALUES (
                67, 3, 3,
                'ZUÑIGA, EDWIN', 'RP', 'RP', '056200000',
                NULL, NULL, '3. ZUÑIGA, EDWIN (RP).jpg',
                0, 0, 0.00
            );
INSERT INTO tbl_provinces (
            code, name, region_code, island_group_code,
            psgc10_digit_code, no_of_districts
        ) VALUES (
            '050500000', 'Albay', '050000000', 'luzon',
            '0500500000', 3
        );
INSERT INTO tbl_provinces (
            code, name, region_code, island_group_code,
            psgc10_digit_code, no_of_districts
        ) VALUES (
            '051600000', 'Camarines Norte', '050000000', 'luzon',
            '0501600000', 2
        );
INSERT INTO tbl_provinces (
            code, name, region_code, island_group_code,
            psgc10_digit_code, no_of_districts
        ) VALUES (
            '051700000', 'Camarines Sur', '050000000', 'luzon',
            '0501700000', 5
        );
INSERT INTO tbl_provinces (
            code, name, region_code, island_group_code,
            psgc10_digit_code, no_of_districts
        ) VALUES (
            '052000000', 'Catanduanes', '050000000', 'luzon',
            '0502000000', 1
        );
INSERT INTO tbl_provinces (
            code, name, region_code, island_group_code,
            psgc10_digit_code, no_of_districts
        ) VALUES (
            '054100000', 'Masbate', '050000000', 'luzon',
            '0504100000', 3
        );
INSERT INTO tbl_provinces (
            code, name, region_code, island_group_code,
            psgc10_digit_code, no_of_districts
        ) VALUES (
            '056200000', 'Sorsogon', '050000000', 'luzon',
            '0506200000', 2
        );
